,organization_id,animal_id,animal_type,age,attributes.declawed,attributes.house_trained,attributes.shots_current,attributes.spayed_neutered,attributes.special_needs,breeds.mixed,breeds.primary,breeds.secondary,breeds.unknown,coat,colors.primary,colors.secondary,colors.tertiary,contact.address.address1,contact.address.address2,contact.address.city,contact.address.country,contact.address.postcode,contact.address.state,contact.email,contact.phone,description,distance,environment.cats,environment.children,environment.dogs,gender,id,name,organization_id,photos,published_at,size,species,status,status_changed_at,tags,type,url
0,co441,46224186,dog,Baby,,True,True,True,False,True,Chihuahua,Pug,False,,,,,,,Windsor,US,80550,CO,bigbonesrescue@gmail.com,(970) 310-3616,"Tiko! Tiko is a 7-8 month old, male, Chug! The tiny little boy is such a hoot! He loves other...",,,True,True,Male,46224186,Tiko,CO441,"[{'small': 'https://dl5zpyw5k3jeb.cloudfront.net/photos/pets/46224186/1/?bust=1570642358&width=100', 'medium': 'https://dl5zpyw5k3jeb.cloudfront.net/photos/pets/46224186/1/?bust=1570642358&width=300', 'large': 'https://dl5zpyw5k3jeb.cloudfront.net/photos/pets/46224186/1/?bust=1570642358&width=600', 'full': 'https://dl5zpyw5k3jeb.cloudfront.net/photos/pets/46224186/1/?bust=1570642358'}]",2019-10-09T17:32:46+0000,Small,Dog,adoptable,2019-10-09T17:32:46+0000,[],Dog,https://www.petfinder.com/dog/tiko-46224186/co/windsor/big-bones-canine-rescue-co441/?referrer_id=fca03fd2-4e0a-4ce2-8e22-f033e2ea97ac
1,co441,46224166,dog,Adult,,True,True,True,False,True,English Bulldog,,False,,,,,,,Windsor,US,80550,CO,bigbonesrescue@gmail.com,(970) 310-3616,"Mister Brody!! Brody is not your average English Bulldog. In fact, he’s anything but. Brody plays fetch! In fact, he...",,,True,True,Male,46224166,Brody,CO441,"[{'small': 'https://dl5zpyw5k3jeb.cloudfront.net/photos/pets/46224166/1/?bust=1570642248&width=100', 'medium': 'https://dl5zpyw5k3jeb.cloudfront.net/photos/pets/46224166/1/?bust=1570642248&width=300', 'large': 'https://dl5zpyw5k3jeb.cloudfront.net/photos/pets/46224166/1/?bust=1570642248&width=600', 'full': 'https://dl5zpyw5k3jeb.cloudfront.net/photos/pets/46224166/1/?bust=1570642248'}]",2019-10-09T17:31:22+0000,Large,Dog,adoptable,2019-10-09T17:31:22+0000,[],Dog,https://www.petfinder.com/dog/brody-46224166/co/windsor/big-bones-canine-rescue-co441/?referrer_id=fca03fd2-4e0a-4ce2-8e22-f033e2ea97ac
2,co441,46224128,dog,Adult,,True,True,True,False,True,Shepherd,,False,,,,,,,Windsor,US,80550,CO,bigbonesrescue@gmail.com,(970) 310-3616,"Oh Cooper!! Cooper found himself just minutes away from death at a rural CO shelter. Thankfully, his life was spared...",,,True,True,Male,46224128,Cooper,CO441,"[{'small': 'https://dl5zpyw5k3jeb.cloudfront.net/photos/pets/46224128/1/?bust=1570641858&width=100', 'medium': 'https://dl5zpyw5k3jeb.cloudfront.net/photos/pets/46224128/1/?bust=1570641858&width=300', 'large': 'https://dl5zpyw5k3jeb.cloudfront.net/photos/pets/46224128/1/?bust=1570641858&width=600', 'full': 'https://dl5zpyw5k3jeb.cloudfront.net/photos/pets/46224128/1/?bust=1570641858'}]",2019-10-09T17:30:14+0000,Large,Dog,adoptable,2019-10-09T17:30:14+0000,[],Dog,https://www.petfinder.com/dog/cooper-46224128/co/windsor/big-bones-canine-rescue-co441/?referrer_id=fca03fd2-4e0a-4ce2-8e22-f033e2ea97ac
3,co441,46224152,dog,Adult,,True,True,True,False,True,English Bulldog,,False,,,,,,,Windsor,US,80550,CO,bigbonesrescue@gmail.com,(970) 310-3616,Emmy! This gorgeous beauty is a 4 year old English Bulldog. She’s so sweet and does great with all humans...,,,True,True,Female,46224152,Emmy,CO441,"[{'small': 'https://dl5zpyw5k3jeb.cloudfront.net/photos/pets/46224152/1/?bust=1570642164&width=100', 'medium': 'https://dl5zpyw5k3jeb.cloudfront.net/photos/pets/46224152/1/?bust=1570642164&width=300', 'large': 'https://dl5zpyw5k3jeb.cloudfront.net/photos/pets/46224152/1/?bust=1570642164&width=600', 'full': 'https://dl5zpyw5k3jeb.cloudfront.net/photos/pets/46224152/1/?bust=1570642164'}]",2019-10-09T17:29:33+0000,Large,Dog,adoptable,2019-10-09T17:29:33+0000,[],Dog,https://www.petfinder.com/dog/emmy-46224152/co/windsor/big-bones-canine-rescue-co441/?referrer_id=fca03fd2-4e0a-4ce2-8e22-f033e2ea97ac
4,co441,46201468,dog,Adult,,True,True,True,False,True,Beagle,Chihuahua,False,,,,,,,Windsor,US,80550,CO,bigbonesrescue@gmail.com,(970) 310-3616,Life’s a Beach! Especially if you’re a Beagle/Chihuahua mix. This little beachy nugget is Ittie Bit. She’s around 3 years...,,,True,True,Female,46201468,Ittie Bit,CO441,"[{'small': 'https://dl5zpyw5k3jeb.cloudfront.net/photos/pets/46201468/1/?bust=1570461679&width=100', 'medium': 'https://dl5zpyw5k3jeb.cloudfront.net/photos/pets/46201468/1/?bust=1570461679&width=300', 'large': 'https://dl5zpyw5k3jeb.cloudfront.net/photos/pets/46201468/1/?bust=1570461679&width=600', 'full': 'https://dl5zpyw5k3jeb.cloudfront.net/photos/pets/46201468/1/?bust=1570461679'}]",2019-10-07T15:21:31+0000,Medium,Dog,adoptable,2019-10-07T15:21:31+0000,[],Dog,https://www.petfinder.com/dog/ittie-bit-46201468/co/windsor/big-bones-canine-rescue-co441/?referrer_id=fca03fd2-4e0a-4ce2-8e22-f033e2ea97ac
5,co441,46201462,dog,Baby,,True,True,True,False,True,German Shepherd Dog,,False,,,,,,,Windsor,US,80550,CO,bigbonesrescue@gmail.com,(970) 310-3616,Fitzgerald ?? 12 week old ?? Male ?? German Shepherd mix ?? CO Spgs ?? $400,,,True,True,Male,46201462,Fitzgerald,CO441,"[{'small': 'https://dl5zpyw5k3jeb.cloudfront.net/photos/pets/46201462/1/?bust=1570461566&width=100', 'medium': 'https://dl5zpyw5k3jeb.cloudfront.net/photos/pets/46201462/1/?bust=1570461566&width=300', 'large': 'https://dl5zpyw5k3jeb.cloudfront.net/photos/pets/46201462/1/?bust=1570461566&width=600', 'full': 'https://dl5zpyw5k3jeb.cloudfront.net/photos/pets/46201462/1/?bust=1570461566'}]",2019-10-07T15:19:34+0000,Extra Large,Dog,adoptable,2019-10-07T15:19:34+0000,[],Dog,https://www.petfinder.com/dog/fitzgerald-46201462/co/windsor/big-bones-canine-rescue-co441/?referrer_id=fca03fd2-4e0a-4ce2-8e22-f033e2ea97ac
6,co441,46201458,dog,Adult,,True,True,True,False,True,Doberman Pinscher,,False,,,,,,,Windsor,US,80550,CO,bigbonesrescue@gmail.com,(970) 310-3616,"Max is a regal, yet goofy Doberman who is the social butterfly of his foster family! Max is approx 7...",,,True,True,Male,46201458,Max,CO441,"[{'small': 'https://dl5zpyw5k3jeb.cloudfront.net/photos/pets/46201458/1/?bust=1570461491&width=100', 'medium': 'https://dl5zpyw5k3jeb.cloudfront.net/photos/pets/46201458/1/?bust=1570461491&width=300', 'large': 'https://dl5zpyw5k3jeb.cloudfront.net/photos/pets/46201458/1/?bust=1570461491&width=600', 'full': 'https://dl5zpyw5k3jeb.cloudfront.net/photos/pets/46201458/1/?bust=1570461491'}]",2019-10-07T15:18:21+0000,Extra Large,Dog,adoptable,2019-10-07T15:18:21+0000,[],Dog,https://www.petfinder.com/dog/max-46201458/co/windsor/big-bones-canine-rescue-co441/?referrer_id=fca03fd2-4e0a-4ce2-8e22-f033e2ea97ac
7,co441,46201454,dog,Adult,,True,True,True,False,True,German Shepherd Dog,,False,,,,,,,Windsor,US,80550,CO,bigbonesrescue@gmail.com,(970) 310-3616,"Serri is a super sweet, 8-9 year old, female, German Shepherd. She’s an absolute doll and is good with dogs...",,,True,True,Female,46201454,Serri,CO441,"[{'small': 'https://dl5zpyw5k3jeb.cloudfront.net/photos/pets/46201454/1/?bust=1570461433&width=100', 'medium': 'https://dl5zpyw5k3jeb.cloudfront.net/photos/pets/46201454/1/?bust=1570461433&width=300', 'large': 'https://dl5zpyw5k3jeb.cloudfront.net/photos/pets/46201454/1/?bust=1570461433&width=600', 'full': 'https://dl5zpyw5k3jeb.cloudfront.net/photos/pets/46201454/1/?bust=1570461433'}]",2019-10-07T15:17:44+0000,Extra Large,Dog,adoptable,2019-10-07T15:17:44+0000,[],Dog,https://www.petfinder.com/dog/serri-46201454/co/windsor/big-bones-canine-rescue-co441/?referrer_id=fca03fd2-4e0a-4ce2-8e22-f033e2ea97ac
8,co441,46201449,dog,Adult,,True,True,True,False,True,Rottweiler,,False,,,,,,,Windsor,US,80550,CO,bigbonesrescue@gmail.com,(970) 310-3616,Hubba Hubba Hank! Hank is a young (around a year old) Rottie boy looking for a home! This guy is...,,,True,True,Male,46201449,Hank,CO441,"[{'small': 'https://dl5zpyw5k3jeb.cloudfront.net/photos/pets/46201449/1/?bust=1570461382&width=100', 'medium': 'https://dl5zpyw5k3jeb.cloudfront.net/photos/pets/46201449/1/?bust=1570461382&width=300', 'large': 'https://dl5zpyw5k3jeb.cloudfront.net/photos/pets/46201449/1/?bust=1570461382&width=600', 'full': 'https://dl5zpyw5k3jeb.cloudfront.net/photos/pets/46201449/1/?bust=1570461382'}]",2019-10-07T15:16:45+0000,Extra Large,Dog,adoptable,2019-10-07T15:16:45+0000,[],Dog,https://www.petfinder.com/dog/hank-46201449/co/windsor/big-bones-canine-rescue-co441/?referrer_id=fca03fd2-4e0a-4ce2-8e22-f033e2ea97ac
9,co441,46175423,dog,Adult,,True,True,True,False,True,Dachshund,,False,,,,,,,Windsor,US,80550,CO,bigbonesrescue@gmail.com,(970) 310-3616,"Doodles is a 6 month old, male, Dachshund mix. He’s a happy, playful, guy and does great with other dogs....",,,True,True,Male,46175423,Doodles,CO441,"[{'small': 'https://dl5zpyw5k3jeb.cloudfront.net/photos/pets/46175423/1/?bust=1570193161&width=100', 'medium': 'https://dl5zpyw5k3jeb.cloudfront.net/photos/pets/46175423/1/?bust=1570193161&width=300', 'large': 'https://dl5zpyw5k3jeb.cloudfront.net/photos/pets/46175423/1/?bust=1570193161&width=600', 'full': 'https://dl5zpyw5k3jeb.cloudfront.net/photos/pets/46175423/1/?bust=1570193161'}]",2019-10-04T12:46:09+0000,Medium,Dog,adoptable,2019-10-04T12:46:09+0000,[],Dog,https://www.petfinder.com/dog/doodles-46175423/co/windsor/big-bones-canine-rescue-co441/?referrer_id=fca03fd2-4e0a-4ce2-8e22-f033e2ea97ac
10,co441,46175419,dog,Adult,,True,True,True,False,True,Dachshund,Terrier,False,,,,,,,Windsor,US,80550,CO,bigbonesrescue@gmail.com,(970) 310-3616,"Wiggles is a 3 year old, male, Dachshund mix. This long and lean boy is an active little man and...",,,True,True,Male,46175419,Wiggles,CO441,"[{'small': 'https://dl5zpyw5k3jeb.cloudfront.net/photos/pets/46175419/1/?bust=1570193098&width=100', 'medium': 'https://dl5zpyw5k3jeb.cloudfront.net/photos/pets/46175419/1/?bust=1570193098&width=300', 'large': 'https://dl5zpyw5k3jeb.cloudfront.net/photos/pets/46175419/1/?bust=1570193098&width=600', 'full': 'https://dl5zpyw5k3jeb.cloudfront.net/photos/pets/46175419/1/?bust=1570193098'}]",2019-10-04T12:45:20+0000,Medium,Dog,adoptable,2019-10-04T12:45:20+0000,[],Dog,https://www.petfinder.com/dog/wiggles-46175419/co/windsor/big-bones-canine-rescue-co441/?referrer_id=fca03fd2-4e0a-4ce2-8e22-f033e2ea97ac
11,co441,46175417,dog,Adult,,True,True,True,False,True,Shepherd,,False,,,,,,,Windsor,US,80550,CO,bigbonesrescue@gmail.com,(970) 310-3616,"Kona is a 2 year old, female, Shepherd mix that came from Oklahoma. She was a stray dog many locals...",,,True,True,Female,46175417,Kona,CO441,"[{'small': 'https://dl5zpyw5k3jeb.cloudfront.net/photos/pets/46175417/1/?bust=1570193013&width=100', 'medium': 'https://dl5zpyw5k3jeb.cloudfront.net/photos/pets/46175417/1/?bust=1570193013&width=300', 'large': 'https://dl5zpyw5k3jeb.cloudfront.net/photos/pets/46175417/1/?bust=1570193013&width=600', 'full': 'https://dl5zpyw5k3jeb.cloudfront.net/photos/pets/46175417/1/?bust=1570193013'}]",2019-10-04T12:43:42+0000,Medium,Dog,adoptable,2019-10-04T12:43:42+0000,[],Dog,https://www.petfinder.com/dog/kona-46175417/co/windsor/big-bones-canine-rescue-co441/?referrer_id=fca03fd2-4e0a-4ce2-8e22-f033e2ea97ac
12,co441,46175415,dog,Adult,,True,True,True,False,True,English Bulldog,,False,,,,,,,Windsor,US,80550,CO,bigbonesrescue@gmail.com,(970) 310-3616,"Hercules! Hercules! Hercules is an awesome smash face, aka English Bulldog, looking for a forever home. Hercules lost his family...",,,True,True,Male,46175415,Hercules,CO441,"[{'small': 'https://dl5zpyw5k3jeb.cloudfront.net/photos/pets/46175415/1/?bust=1570192858&width=100', 'medium': 'https://dl5zpyw5k3jeb.cloudfront.net/photos/pets/46175415/1/?bust=1570192858&width=300', 'large': 'https://dl5zpyw5k3jeb.cloudfront.net/photos/pets/46175415/1/?bust=1570192858&width=600', 'full': 'https://dl5zpyw5k3jeb.cloudfront.net/photos/pets/46175415/1/?bust=1570192858'}]",2019-10-04T12:41:23+0000,Large,Dog,adoptable,2019-10-04T12:41:23+0000,[],Dog,https://www.petfinder.com/dog/hercules-46175415/co/windsor/big-bones-canine-rescue-co441/?referrer_id=fca03fd2-4e0a-4ce2-8e22-f033e2ea97ac
13,co441,46175414,dog,Adult,,True,True,True,False,True,Irish Wolfhound,,False,,,,,,,Windsor,US,80550,CO,bigbonesrescue@gmail.com,(970) 310-3616,Lady! Lady is a 90 lb (albeit a tad on the f-a-t side) wolfhound mix. She about lab height. She’s...,,,True,True,Female,46175414,Lady,CO441,"[{'small': 'https://dl5zpyw5k3jeb.cloudfront.net/photos/pets/46175414/1/?bust=1570192793&width=100', 'medium': 'https://dl5zpyw5k3jeb.cloudfront.net/photos/pets/46175414/1/?bust=1570192793&width=300', 'large': 'https://dl5zpyw5k3jeb.cloudfront.net/photos/pets/46175414/1/?bust=1570192793&width=600', 'full': 'https://dl5zpyw5k3jeb.cloudfront.net/photos/pets/46175414/1/?bust=1570192793'}]",2019-10-04T12:40:10+0000,Large,Dog,adoptable,2019-10-04T12:40:10+0000,[],Dog,https://www.petfinder.com/dog/lady-46175414/co/windsor/big-bones-canine-rescue-co441/?referrer_id=fca03fd2-4e0a-4ce2-8e22-f033e2ea97ac
14,co441,46132758,dog,Adult,,True,True,True,False,True,Mastiff,,False,,,,,,,Windsor,US,80550,CO,bigbonesrescue@gmail.com,(970) 310-3616,"Blue is his name, Mastiff is his game. That’s right. This guy mastiffs. What does that mean? It means he’s...",,,True,True,Male,46132758,Blue,CO441,"[{'small': 'https://dl5zpyw5k3jeb.cloudfront.net/photos/pets/46132758/1/?bust=1569846295&width=100', 'medium': 'https://dl5zpyw5k3jeb.cloudfront.net/photos/pets/46132758/1/?bust=1569846295&width=300', 'large': 'https://dl5zpyw5k3jeb.cloudfront.net/photos/pets/46132758/1/?bust=1569846295&width=600', 'full': 'https://dl5zpyw5k3jeb.cloudfront.net/photos/pets/46132758/1/?bust=1569846295'}]",2019-09-30T12:25:04+0000,Extra Large,Dog,adoptable,2019-09-30T12:25:04+0000,[],Dog,https://www.petfinder.com/dog/blue-46132758/co/windsor/big-bones-canine-rescue-co441/?referrer_id=fca03fd2-4e0a-4ce2-8e22-f033e2ea97ac
15,co441,46110854,dog,Adult,,True,True,True,False,True,Mastiff,,False,,,,,,,Windsor,US,80550,CO,bigbonesrescue@gmail.com,(970) 310-3616,"Ladies and gentlemen, if you need someone to keep you warm this winter, we have just the guy for you....",,,True,True,Male,46110854,Zeus,CO441,"[{'small': 'https://dl5zpyw5k3jeb.cloudfront.net/photos/pets/46110854/1/?bust=1569607155&width=100', 'medium': 'https://dl5zpyw5k3jeb.cloudfront.net/photos/pets/46110854/1/?bust=1569607155&width=300', 'large': 'https://dl5zpyw5k3jeb.cloudfront.net/photos/pets/46110854/1/?bust=1569607155&width=600', 'full': 'https://dl5zpyw5k3jeb.cloudfront.net/photos/pets/46110854/1/?bust=1569607155'}]",2019-09-27T17:59:22+0000,Extra Large,Dog,adoptable,2019-09-27T17:59:22+0000,[],Dog,https://www.petfinder.com/dog/zeus-46110854/co/windsor/big-bones-canine-rescue-co441/?referrer_id=fca03fd2-4e0a-4ce2-8e22-f033e2ea97ac
16,co441,46110848,dog,Adult,,True,True,True,False,True,English Bulldog,,False,,,,,,,Windsor,US,80550,CO,bigbonesrescue@gmail.com,(970) 310-3616,Buster! Buster is an amazing boy who is finally ready to start looking for his forever home! Buster is approx...,,,True,True,Male,46110848,Buster,CO441,"[{'small': 'https://dl5zpyw5k3jeb.cloudfront.net/photos/pets/46110848/1/?bust=1569607089&width=100', 'medium': 'https://dl5zpyw5k3jeb.cloudfront.net/photos/pets/46110848/1/?bust=1569607089&width=300', 'large': 'https://dl5zpyw5k3jeb.cloudfront.net/photos/pets/46110848/1/?bust=1569607089&width=600', 'full': 'https://dl5zpyw5k3jeb.cloudfront.net/photos/pets/46110848/1/?bust=1569607089'}]",2019-09-27T17:58:33+0000,Large,Dog,adoptable,2019-09-27T17:58:33+0000,[],Dog,https://www.petfinder.com/dog/buster-46110848/co/windsor/big-bones-canine-rescue-co441/?referrer_id=fca03fd2-4e0a-4ce2-8e22-f033e2ea97ac
17,co441,46110841,dog,Adult,,True,True,True,False,True,Shepherd,,False,,,,,,,Windsor,US,80550,CO,bigbonesrescue@gmail.com,(970) 310-3616,Mocha! It’s almost the season for yummy coffee drinks so we think this gorgeous chocolatey girl is just what’s in...,,,True,True,Female,46110841,Mocha,CO441,"[{'small': 'https://dl5zpyw5k3jeb.cloudfront.net/photos/pets/46110841/1/?bust=1569606984&width=100', 'medium': 'https://dl5zpyw5k3jeb.cloudfront.net/photos/pets/46110841/1/?bust=1569606984&width=300', 'large': 'https://dl5zpyw5k3jeb.cloudfront.net/photos/pets/46110841/1/?bust=1569606984&width=600', 'full': 'https://dl5zpyw5k3jeb.cloudfront.net/photos/pets/46110841/1/?bust=1569606984'}]",2019-09-27T17:56:32+0000,Large,Dog,adoptable,2019-09-27T17:56:32+0000,[],Dog,https://www.petfinder.com/dog/mocha-46110841/co/windsor/big-bones-canine-rescue-co441/?referrer_id=fca03fd2-4e0a-4ce2-8e22-f033e2ea97ac
18,co441,46065953,dog,Baby,,True,True,True,False,True,Boxer,,False,,,,,,,Windsor,US,80550,CO,bigbonesrescue@gmail.com,(970) 310-3616,"Trixie!! Trixie is an adorable, female, Boxer mix looking for a forever home! She’s recently come to CO from a...",,,True,True,Female,46065953,Trixie,CO441,"[{'small': 'https://dl5zpyw5k3jeb.cloudfront.net/photos/pets/46065953/1/?bust=1569238863&width=100', 'medium': 'https://dl5zpyw5k3jeb.cloudfront.net/photos/pets/46065953/1/?bust=1569238863&width=300', 'large': 'https://dl5zpyw5k3jeb.cloudfront.net/photos/pets/46065953/1/?bust=1569238863&width=600', 'full': 'https://dl5zpyw5k3jeb.cloudfront.net/photos/pets/46065953/1/?bust=1569238863'}]",2019-09-23T11:41:12+0000,Extra Large,Dog,adoptable,2019-09-23T11:41:12+0000,[],Dog,https://www.petfinder.com/dog/trixie-46065953/co/windsor/big-bones-canine-rescue-co441/?referrer_id=fca03fd2-4e0a-4ce2-8e22-f033e2ea97ac
19,co441,46065951,dog,Baby,,True,True,True,False,True,Hound,,False,,,,,,,Windsor,US,80550,CO,bigbonesrescue@gmail.com,(970) 310-3616,Waylon ?? 3-4 mo ?? Male ?? Hound mix ?? Fort Lupton ?? $400,,,True,True,Male,46065951,Waylon,CO441,"[{'small': 'https://dl5zpyw5k3jeb.cloudfront.net/photos/pets/46065951/1/?bust=1569238776&width=100', 'medium': 'https://dl5zpyw5k3jeb.cloudfront.net/photos/pets/46065951/1/?bust=1569238776&width=300', 'large': 'https://dl5zpyw5k3jeb.cloudfront.net/photos/pets/46065951/1/?bust=1569238776&width=600', 'full': 'https://dl5zpyw5k3jeb.cloudfront.net/photos/pets/46065951/1/?bust=1569238776'}]",2019-09-23T11:39:44+0000,Large,Dog,adoptable,2019-09-23T11:39:44+0000,[],Dog,https://www.petfinder.com/dog/waylon-46065951/co/windsor/big-bones-canine-rescue-co441/?referrer_id=fca03fd2-4e0a-4ce2-8e22-f033e2ea97ac
20,co441,46065948,dog,Young,,True,True,True,False,True,Hound,,False,,,,,,,Windsor,US,80550,CO,bigbonesrescue@gmail.com,(970) 310-3616,Willie ?? 3-4 mo ?? Male ?? Hound mix ?? Fort Lupton ?? $400,,,True,True,Male,46065948,Willie,CO441,"[{'small': 'https://dl5zpyw5k3jeb.cloudfront.net/photos/pets/46065948/1/?bust=1569238727&width=100', 'medium': 'https://dl5zpyw5k3jeb.cloudfront.net/photos/pets/46065948/1/?bust=1569238727&width=300', 'large': 'https://dl5zpyw5k3jeb.cloudfront.net/photos/pets/46065948/1/?bust=1569238727&width=600', 'full': 'https://dl5zpyw5k3jeb.cloudfront.net/photos/pets/46065948/1/?bust=1569238727'}]",2019-09-23T11:39:00+0000,Large,Dog,adoptable,2019-09-23T11:39:00+0000,[],Dog,https://www.petfinder.com/dog/willie-46065948/co/windsor/big-bones-canine-rescue-co441/?referrer_id=fca03fd2-4e0a-4ce2-8e22-f033e2ea97ac
21,co441,46065945,dog,Adult,,True,True,True,False,True,Great Dane,,False,,,,,,,Windsor,US,80550,CO,bigbonesrescue@gmail.com,(970) 310-3616,"Reece is a 1 year old, female, Great Dane. She’s in foster care in Arvada and is dog, cat, and...",,,True,True,Female,46065945,Reece,CO441,"[{'small': 'https://dl5zpyw5k3jeb.cloudfront.net/photos/pets/46065945/1/?bust=1569238606&width=100', 'medium': 'https://dl5zpyw5k3jeb.cloudfront.net/photos/pets/46065945/1/?bust=1569238606&width=300', 'large': 'https://dl5zpyw5k3jeb.cloudfront.net/photos/pets/46065945/1/?bust=1569238606&width=600', 'full': 'https://dl5zpyw5k3jeb.cloudfront.net/photos/pets/46065945/1/?bust=1569238606'}]",2019-09-23T11:36:53+0000,Extra Large,Dog,adoptable,2019-09-23T11:36:53+0000,[],Dog,https://www.petfinder.com/dog/reece-46065945/co/windsor/big-bones-canine-rescue-co441/?referrer_id=fca03fd2-4e0a-4ce2-8e22-f033e2ea97ac
22,co441,46065940,dog,Adult,,True,True,True,False,True,Great Dane,,False,,,,,,,Windsor,US,80550,CO,bigbonesrescue@gmail.com,(970) 310-3616,"Elvira is a 1 year old, female, Great Dane. She’s dog and kid friendly and located in Arvada. Her adoption...",,,True,True,Female,46065940,Elvira,CO441,"[{'small': 'https://dl5zpyw5k3jeb.cloudfront.net/photos/pets/46065940/1/?bust=1569238564&width=100', 'medium': 'https://dl5zpyw5k3jeb.cloudfront.net/photos/pets/46065940/1/?bust=1569238564&width=300', 'large': 'https://dl5zpyw5k3jeb.cloudfront.net/photos/pets/46065940/1/?bust=1569238564&width=600', 'full': 'https://dl5zpyw5k3jeb.cloudfront.net/photos/pets/46065940/1/?bust=1569238564'}]",2019-09-23T11:36:12+0000,Extra Large,Dog,adoptable,2019-09-23T11:36:12+0000,[],Dog,https://www.petfinder.com/dog/elvira-46065940/co/windsor/big-bones-canine-rescue-co441/?referrer_id=fca03fd2-4e0a-4ce2-8e22-f033e2ea97ac
23,co441,46065931,dog,Adult,,True,True,True,False,True,Saint Bernard,,False,,,,,,,Windsor,US,80550,CO,bigbonesrescue@gmail.com,(970) 310-3616,"Opal is just as beautiful as her name implies. Opal is a 3 year old, female, Saint Bernard mix. She’s...",,,True,True,Female,46065931,Opal,CO441,"[{'small': 'https://dl5zpyw5k3jeb.cloudfront.net/photos/pets/46065931/1/?bust=1569238426&width=100', 'medium': 'https://dl5zpyw5k3jeb.cloudfront.net/photos/pets/46065931/1/?bust=1569238426&width=300', 'large': 'https://dl5zpyw5k3jeb.cloudfront.net/photos/pets/46065931/1/?bust=1569238426&width=600', 'full': 'https://dl5zpyw5k3jeb.cloudfront.net/photos/pets/46065931/1/?bust=1569238426'}]",2019-09-23T11:34:07+0000,Extra Large,Dog,adoptable,2019-09-23T11:34:07+0000,[],Dog,https://www.petfinder.com/dog/opal-46065931/co/windsor/big-bones-canine-rescue-co441/?referrer_id=fca03fd2-4e0a-4ce2-8e22-f033e2ea97ac
24,co441,46029998,dog,Baby,,True,True,True,True,True,American Bulldog,,False,,,,,,,Windsor,US,80550,CO,bigbonesrescue@gmail.com,(970) 310-3616,Special needs adopters!!! Nikki needs you! This baby girl is around 10 weeks old and is said to be an...,,,True,True,Female,46029998,Nikki,CO441,"[{'small': 'https://dl5zpyw5k3jeb.cloudfront.net/photos/pets/46029998/1/?bust=1568895023&width=100', 'medium': 'https://dl5zpyw5k3jeb.cloudfront.net/photos/pets/46029998/1/?bust=1568895023&width=300', 'large': 'https://dl5zpyw5k3jeb.cloudfront.net/photos/pets/46029998/1/?bust=1568895023&width=600', 'full': 'https://dl5zpyw5k3jeb.cloudfront.net/photos/pets/46029998/1/?bust=1568895023'}]",2019-09-19T12:10:46+0000,Large,Dog,adoptable,2019-09-19T12:10:46+0000,[],Dog,https://www.petfinder.com/dog/nikki-46029998/co/windsor/big-bones-canine-rescue-co441/?referrer_id=fca03fd2-4e0a-4ce2-8e22-f033e2ea97ac
25,co441,45985393,dog,Adult,,True,True,True,False,True,Labrador Retriever,,False,,,,,,,Windsor,US,80550,CO,bigbonesrescue@gmail.com,(970) 310-3616,"This is Marley! And let me tell you, there’s just something about Marley. He’s a very playful guy with springs...",,,True,True,Male,45985393,Marley,CO441,"[{'small': 'https://dl5zpyw5k3jeb.cloudfront.net/photos/pets/45985393/1/?bust=1568639322&width=100', 'medium': 'https://dl5zpyw5k3jeb.cloudfront.net/photos/pets/45985393/1/?bust=1568639322&width=300', 'large': 'https://dl5zpyw5k3jeb.cloudfront.net/photos/pets/45985393/1/?bust=1568639322&width=600', 'full': 'https://dl5zpyw5k3jeb.cloudfront.net/photos/pets/45985393/1/?bust=1568639322'}]",2019-09-16T13:08:50+0000,Large,Dog,adoptable,2019-09-16T13:08:50+0000,[],Dog,https://www.petfinder.com/dog/marley-45985393/co/windsor/big-bones-canine-rescue-co441/?referrer_id=fca03fd2-4e0a-4ce2-8e22-f033e2ea97ac
26,co441,45985392,dog,Adult,,True,True,True,False,True,Cane Corso,,False,,,,,,,Windsor,US,80550,CO,bigbonesrescue@gmail.com,(970) 310-3616,"Katie! ??. Katie is a 3-4 year old, female, Cane Corso. This girl has it all. She has the looks...",,,True,True,Female,45985392,Katie,CO441,"[{'small': 'https://dl5zpyw5k3jeb.cloudfront.net/photos/pets/45985392/1/?bust=1568639251&width=100', 'medium': 'https://dl5zpyw5k3jeb.cloudfront.net/photos/pets/45985392/1/?bust=1568639251&width=300', 'large': 'https://dl5zpyw5k3jeb.cloudfront.net/photos/pets/45985392/1/?bust=1568639251&width=600', 'full': 'https://dl5zpyw5k3jeb.cloudfront.net/photos/pets/45985392/1/?bust=1568639251'}]",2019-09-16T13:07:44+0000,Extra Large,Dog,adoptable,2019-09-16T13:07:44+0000,[],Dog,https://www.petfinder.com/dog/katie-45985392/co/windsor/big-bones-canine-rescue-co441/?referrer_id=fca03fd2-4e0a-4ce2-8e22-f033e2ea97ac
27,co441,45985344,dog,Young,,True,True,True,False,True,Labrador Retriever,Pit Bull Terrier,False,,,,,,,Windsor,US,80550,CO,bigbonesrescue@gmail.com,(970) 310-3616,"Zeke is a beautiful, mild mannered guy that&#039;s around 2 years old. He is lab/pit/dane mix and he&#039;s great with...",,,True,True,Male,45985344,Zeke,CO441,"[{'small': 'https://dl5zpyw5k3jeb.cloudfront.net/photos/pets/45985344/1/?bust=1568639163&width=100', 'medium': 'https://dl5zpyw5k3jeb.cloudfront.net/photos/pets/45985344/1/?bust=1568639163&width=300', 'large': 'https://dl5zpyw5k3jeb.cloudfront.net/photos/pets/45985344/1/?bust=1568639163&width=600', 'full': 'https://dl5zpyw5k3jeb.cloudfront.net/photos/pets/45985344/1/?bust=1568639163'}]",2019-09-16T13:06:11+0000,Large,Dog,adoptable,2019-09-16T13:06:11+0000,[],Dog,https://www.petfinder.com/dog/zeke-45985344/co/windsor/big-bones-canine-rescue-co441/?referrer_id=fca03fd2-4e0a-4ce2-8e22-f033e2ea97ac
28,co441,45949207,dog,Young,,True,True,True,False,True,Husky,,False,,,,,,,Windsor,US,80550,CO,bigbonesrescue@gmail.com,(970) 310-3616,Walter! There’s just something special about a boy with two different colored eyes. This handsome guy is around 1 year...,,,True,True,Male,45949207,Walter,CO441,"[{'small': 'https://dl5zpyw5k3jeb.cloudfront.net/photos/pets/45949207/1/?bust=1568294055&width=100', 'medium': 'https://dl5zpyw5k3jeb.cloudfront.net/photos/pets/45949207/1/?bust=1568294055&width=300', 'large': 'https://dl5zpyw5k3jeb.cloudfront.net/photos/pets/45949207/1/?bust=1568294055&width=600', 'full': 'https://dl5zpyw5k3jeb.cloudfront.net/photos/pets/45949207/1/?bust=1568294055'}]",2019-09-12T13:14:26+0000,Large,Dog,adoptable,2019-09-12T13:14:26+0000,[],Dog,https://www.petfinder.com/dog/walter-45949207/co/windsor/big-bones-canine-rescue-co441/?referrer_id=fca03fd2-4e0a-4ce2-8e22-f033e2ea97ac
29,co441,45937486,dog,Adult,,True,True,True,False,True,Black Mouth Cur,,False,,,,,,,Windsor,US,80550,CO,bigbonesrescue@gmail.com,(970) 310-3616,Penny sure does have something to smile about! This sweet girl was sprung from doggie jail almost a year ago...,,True,True,True,Female,45937486,Penny,CO441,"[{'small': 'https://dl5zpyw5k3jeb.cloudfront.net/photos/pets/45937486/1/?bust=1568206343&width=100', 'medium': 'https://dl5zpyw5k3jeb.cloudfront.net/photos/pets/45937486/1/?bust=1568206343&width=300', 'large': 'https://dl5zpyw5k3jeb.cloudfront.net/photos/pets/45937486/1/?bust=1568206343&width=600', 'full': 'https://dl5zpyw5k3jeb.cloudfront.net/photos/pets/45937486/1/?bust=1568206343'}]",2019-09-11T12:53:35+0000,Medium,Dog,adoptable,2019-09-11T12:53:35+0000,[],Dog,https://www.petfinder.com/dog/penny-45937486/co/windsor/big-bones-canine-rescue-co441/?referrer_id=fca03fd2-4e0a-4ce2-8e22-f033e2ea97ac
30,co441,45937466,dog,Adult,,True,True,True,False,True,Golden Retriever,Shepherd,False,,,,,,,Windsor,US,80550,CO,bigbonesrescue@gmail.com,(970) 310-3616,Bailey resembles a California surfer dude when you see him in person. Especially now that he got shaved! He’s a...,,,True,True,Male,45937466,Bailey,CO441,"[{'small': 'https://dl5zpyw5k3jeb.cloudfront.net/photos/pets/45937466/1/?bust=1570507326&width=100', 'medium': 'https://dl5zpyw5k3jeb.cloudfront.net/photos/pets/45937466/1/?bust=1570507326&width=300', 'large': 'https://dl5zpyw5k3jeb.cloudfront.net/photos/pets/45937466/1/?bust=1570507326&width=600', 'full': 'https://dl5zpyw5k3jeb.cloudfront.net/photos/pets/45937466/1/?bust=1570507326'}]",2019-09-11T12:50:26+0000,Large,Dog,adoptable,2019-09-11T12:50:26+0000,[],Dog,https://www.petfinder.com/dog/bailey-45937466/co/windsor/big-bones-canine-rescue-co441/?referrer_id=fca03fd2-4e0a-4ce2-8e22-f033e2ea97ac
31,co441,45937463,dog,Adult,,True,True,True,False,True,Chow Chow,,False,,,,,,,Windsor,US,80550,CO,bigbonesrescue@gmail.com,(970) 310-3616,"Chipley is a handsome, 1-2 year old, chow mix. His foster mom describes him as mellow, happy, and very appreciative...",,,True,True,Male,45937463,Chipley,CO441,"[{'small': 'https://dl5zpyw5k3jeb.cloudfront.net/photos/pets/45937463/1/?bust=1568206148&width=100', 'medium': 'https://dl5zpyw5k3jeb.cloudfront.net/photos/pets/45937463/1/?bust=1568206148&width=300', 'large': 'https://dl5zpyw5k3jeb.cloudfront.net/photos/pets/45937463/1/?bust=1568206148&width=600', 'full': 'https://dl5zpyw5k3jeb.cloudfront.net/photos/pets/45937463/1/?bust=1568206148'}]",2019-09-11T12:49:17+0000,Medium,Dog,adoptable,2019-09-11T12:49:17+0000,[],Dog,https://www.petfinder.com/dog/chipley-45937463/co/windsor/big-bones-canine-rescue-co441/?referrer_id=fca03fd2-4e0a-4ce2-8e22-f033e2ea97ac
32,co441,45912616,dog,Senior,,True,True,True,False,True,Chihuahua,,False,,,,,,,Windsor,US,80550,CO,bigbonesrescue@gmail.com,(970) 310-3616,"Little Miss Shadow is a 9 year old pretty lady looking for a forever home. She’s dog friendly, cat friendly,...",,True,True,True,Female,45912616,Shadow,CO441,"[{'small': 'https://dl5zpyw5k3jeb.cloudfront.net/photos/pets/45912616/1/?bust=1568034073&width=100', 'medium': 'https://dl5zpyw5k3jeb.cloudfront.net/photos/pets/45912616/1/?bust=1568034073&width=300', 'large': 'https://dl5zpyw5k3jeb.cloudfront.net/photos/pets/45912616/1/?bust=1568034073&width=600', 'full': 'https://dl5zpyw5k3jeb.cloudfront.net/photos/pets/45912616/1/?bust=1568034073'}]",2019-09-09T13:04:08+0000,Small,Dog,adoptable,2019-09-09T13:04:08+0000,[],Dog,https://www.petfinder.com/dog/shadow-45912616/co/windsor/big-bones-canine-rescue-co441/?referrer_id=fca03fd2-4e0a-4ce2-8e22-f033e2ea97ac
33,co441,45846917,dog,Adult,,True,True,True,False,True,Great Dane,,False,,,,,,,Windsor,US,80550,CO,bigbonesrescue@gmail.com,(970) 310-3616,"Bandy is a 2.5 year old, male, Great Dane mix that’s found himself in need of a home. He’s dog...",,,True,True,Male,45846917,Bandy,CO441,"[{'small': 'https://dl5zpyw5k3jeb.cloudfront.net/photos/pets/45846917/1/?bust=1567516826&width=100', 'medium': 'https://dl5zpyw5k3jeb.cloudfront.net/photos/pets/45846917/1/?bust=1567516826&width=300', 'large': 'https://dl5zpyw5k3jeb.cloudfront.net/photos/pets/45846917/1/?bust=1567516826&width=600', 'full': 'https://dl5zpyw5k3jeb.cloudfront.net/photos/pets/45846917/1/?bust=1567516826'}]",2019-09-03T13:20:34+0000,Extra Large,Dog,adoptable,2019-09-03T13:20:34+0000,[],Dog,https://www.petfinder.com/dog/bandy-45846917/co/windsor/big-bones-canine-rescue-co441/?referrer_id=fca03fd2-4e0a-4ce2-8e22-f033e2ea97ac
34,co441,45794317,dog,Adult,,True,True,True,False,True,Pit Bull Terrier,,False,,,,,,,Windsor,US,80550,CO,bigbonesrescue@gmail.com,(970) 310-3616,"Zeke our boy! Zeke is a 2-3 year old, male, Staffordshire Bull Terrier mix (he’s low like a basset). Zeke...",,,True,True,Male,45794317,Zeke,CO441,"[{'small': 'https://dl5zpyw5k3jeb.cloudfront.net/photos/pets/45794317/1/?bust=1567171582&width=100', 'medium': 'https://dl5zpyw5k3jeb.cloudfront.net/photos/pets/45794317/1/?bust=1567171582&width=300', 'large': 'https://dl5zpyw5k3jeb.cloudfront.net/photos/pets/45794317/1/?bust=1567171582&width=600', 'full': 'https://dl5zpyw5k3jeb.cloudfront.net/photos/pets/45794317/1/?bust=1567171582'}]",2019-08-30T13:26:38+0000,Large,Dog,adoptable,2019-08-30T13:26:38+0000,[],Dog,https://www.petfinder.com/dog/zeke-45794317/co/windsor/big-bones-canine-rescue-co441/?referrer_id=fca03fd2-4e0a-4ce2-8e22-f033e2ea97ac
35,co441,45747192,dog,Adult,,True,True,True,False,True,Husky,,False,,,,,,,Windsor,US,80550,CO,bigbonesrescue@gmail.com,(970) 310-3616,"Adonis the dog of Beauty is looking for his home. With his mesmerizing eyes, tantalizing spirit and the song of...",,,True,True,Male,45747192,Adonis,CO441,"[{'small': 'https://dl5zpyw5k3jeb.cloudfront.net/photos/pets/45747192/1/?bust=1566828697&width=100', 'medium': 'https://dl5zpyw5k3jeb.cloudfront.net/photos/pets/45747192/1/?bust=1566828697&width=300', 'large': 'https://dl5zpyw5k3jeb.cloudfront.net/photos/pets/45747192/1/?bust=1566828697&width=600', 'full': 'https://dl5zpyw5k3jeb.cloudfront.net/photos/pets/45747192/1/?bust=1566828697'}]",2019-08-26T14:11:46+0000,Large,Dog,adoptable,2019-08-26T14:11:46+0000,[],Dog,https://www.petfinder.com/dog/adonis-45747192/co/windsor/big-bones-canine-rescue-co441/?referrer_id=fca03fd2-4e0a-4ce2-8e22-f033e2ea97ac
36,co441,45747187,dog,Adult,,True,True,True,False,True,Dogue de Bordeaux,,False,,,,,,,Windsor,US,80550,CO,bigbonesrescue@gmail.com,(970) 310-3616,"Ricky is a 3-4 year old, male, Dogue de Bordeaux. Don’t let his giant head scare you. He’s the most...",,,True,True,Male,45747187,Ricky,CO441,"[{'small': 'https://dl5zpyw5k3jeb.cloudfront.net/photos/pets/45747187/1/?bust=1566828603&width=100', 'medium': 'https://dl5zpyw5k3jeb.cloudfront.net/photos/pets/45747187/1/?bust=1566828603&width=300', 'large': 'https://dl5zpyw5k3jeb.cloudfront.net/photos/pets/45747187/1/?bust=1566828603&width=600', 'full': 'https://dl5zpyw5k3jeb.cloudfront.net/photos/pets/45747187/1/?bust=1566828603'}]",2019-08-26T14:10:18+0000,Extra Large,Dog,adoptable,2019-08-26T14:10:18+0000,[],Dog,https://www.petfinder.com/dog/ricky-45747187/co/windsor/big-bones-canine-rescue-co441/?referrer_id=fca03fd2-4e0a-4ce2-8e22-f033e2ea97ac
37,co441,45682748,dog,Young,,True,True,True,False,True,Rottweiler,American Bulldog,False,,,,,,,Windsor,US,80550,CO,bigbonesrescue@gmail.com,(970) 310-3616,Armand is a 2 year old sweet heart in need of a home through no fault of his own. Armand...,,,True,True,Male,45682748,Armand,CO441,"[{'small': 'https://dl5zpyw5k3jeb.cloudfront.net/photos/pets/45682748/1/?bust=1566313872&width=100', 'medium': 'https://dl5zpyw5k3jeb.cloudfront.net/photos/pets/45682748/1/?bust=1566313872&width=300', 'large': 'https://dl5zpyw5k3jeb.cloudfront.net/photos/pets/45682748/1/?bust=1566313872&width=600', 'full': 'https://dl5zpyw5k3jeb.cloudfront.net/photos/pets/45682748/1/?bust=1566313872'}]",2019-08-20T15:11:21+0000,Large,Dog,adoptable,2019-08-20T15:11:21+0000,[],Dog,https://www.petfinder.com/dog/armand-45682748/co/windsor/big-bones-canine-rescue-co441/?referrer_id=fca03fd2-4e0a-4ce2-8e22-f033e2ea97ac
38,co441,45582669,dog,Young,,True,True,True,False,True,American Bulldog,,False,,,,,,,Windsor,US,80550,CO,bigbonesrescue@gmail.com,(970) 310-3616,"Miss Bernice is a 2 year old, female, American Bully mix. She’s a sweet girl that does well in a...",,,True,True,Female,45582669,Bernice,CO441,"[{'small': 'https://dl5zpyw5k3jeb.cloudfront.net/photos/pets/45582669/1/?bust=1565615424&width=100', 'medium': 'https://dl5zpyw5k3jeb.cloudfront.net/photos/pets/45582669/1/?bust=1565615424&width=300', 'large': 'https://dl5zpyw5k3jeb.cloudfront.net/photos/pets/45582669/1/?bust=1565615424&width=600', 'full': 'https://dl5zpyw5k3jeb.cloudfront.net/photos/pets/45582669/1/?bust=1565615424'}]",2019-08-12T13:10:32+0000,Large,Dog,adoptable,2019-08-12T13:10:32+0000,[],Dog,https://www.petfinder.com/dog/bernice-45582669/co/windsor/big-bones-canine-rescue-co441/?referrer_id=fca03fd2-4e0a-4ce2-8e22-f033e2ea97ac
39,co441,45582620,dog,Adult,,True,True,True,False,False,Chihuahua,,False,,,,,,,Windsor,US,80550,CO,bigbonesrescue@gmail.com,(970) 310-3616,Maya and Happy are 3 year old bonded Chihuahuas (brother and sister) available for adoption as a pair. Their fee...,,,True,True,Female,45582620,Happy & Maya,CO441,"[{'small': 'https://dl5zpyw5k3jeb.cloudfront.net/photos/pets/45582620/2/?bust=1569845379&width=100', 'medium': 'https://dl5zpyw5k3jeb.cloudfront.net/photos/pets/45582620/2/?bust=1569845379&width=300', 'large': 'https://dl5zpyw5k3jeb.cloudfront.net/photos/pets/45582620/2/?bust=1569845379&width=600', 'full': 'https://dl5zpyw5k3jeb.cloudfront.net/photos/pets/45582620/2/?bust=1569845379'}]",2019-08-12T13:05:35+0000,Small,Dog,adoptable,2019-08-12T13:05:35+0000,[],Dog,https://www.petfinder.com/dog/happy-and-maya-45582620/co/windsor/big-bones-canine-rescue-co441/?referrer_id=fca03fd2-4e0a-4ce2-8e22-f033e2ea97ac
40,co441,45582618,dog,Baby,,True,True,True,False,True,Terrier,,False,,,,,,,Windsor,US,80550,CO,bigbonesrescue@gmail.com,(970) 310-3616,"Chico! Chico is a super cute wirey guy who goes by Falkor in his foster home. Because well, I mean,...",,,True,True,Male,45582618,Chico,CO441,"[{'small': 'https://dl5zpyw5k3jeb.cloudfront.net/photos/pets/45582618/1/?bust=1565615067&width=100', 'medium': 'https://dl5zpyw5k3jeb.cloudfront.net/photos/pets/45582618/1/?bust=1565615067&width=300', 'large': 'https://dl5zpyw5k3jeb.cloudfront.net/photos/pets/45582618/1/?bust=1565615067&width=600', 'full': 'https://dl5zpyw5k3jeb.cloudfront.net/photos/pets/45582618/1/?bust=1565615067'}]",2019-08-12T13:04:37+0000,Medium,Dog,adoptable,2019-08-12T13:04:37+0000,[],Dog,https://www.petfinder.com/dog/chico-45582618/co/windsor/big-bones-canine-rescue-co441/?referrer_id=fca03fd2-4e0a-4ce2-8e22-f033e2ea97ac
41,co441,45528281,dog,Young,,True,True,True,False,True,Bull Terrier,,False,,,,,,,Windsor,US,80550,CO,bigbonesrescue@gmail.com,(970) 310-3616,"Super Syd!!! Just look at that boys grin!! Syd is a 5 month old, male, Bull Terrier mix. He’s a...",,,True,True,Male,45528281,Syd,CO441,"[{'small': 'https://dl5zpyw5k3jeb.cloudfront.net/photos/pets/45528281/2/?bust=1569846029&width=100', 'medium': 'https://dl5zpyw5k3jeb.cloudfront.net/photos/pets/45528281/2/?bust=1569846029&width=300', 'large': 'https://dl5zpyw5k3jeb.cloudfront.net/photos/pets/45528281/2/?bust=1569846029&width=600', 'full': 'https://dl5zpyw5k3jeb.cloudfront.net/photos/pets/45528281/2/?bust=1569846029'}, {'small': 'https://dl5zpyw5k3jeb.cloudfront.net/photos/pets/45528281/1/?bust=1565183968&width=100', 'medium': 'https://dl5zpyw5k3jeb.cloudfront.net/photos/pets/45528281/1/?bust=1565183968&width=300', 'large': 'https://dl5zpyw5k3jeb.cloudfront.net/photos/pets/45528281/1/?bust=1565183968&width=600', 'full': 'https://dl5zpyw5k3jeb.cloudfront.net/photos/pets/45528281/1/?bust=1565183968'}]",2019-08-07T13:19:37+0000,Medium,Dog,adoptable,2019-08-07T13:19:37+0000,[],Dog,https://www.petfinder.com/dog/syd-45528281/co/windsor/big-bones-canine-rescue-co441/?referrer_id=fca03fd2-4e0a-4ce2-8e22-f033e2ea97ac
42,co441,45528231,dog,Young,,True,True,True,False,True,American Bulldog,,False,,,,,,,Windsor,US,80550,CO,bigbonesrescue@gmail.com,(970) 310-3616,"Elise is the perfect mic drop to follow-up the debut of Gunner. Elise is a 1 year old, female, bulldog...",,,True,True,Female,45528231,Elise,CO441,"[{'small': 'https://dl5zpyw5k3jeb.cloudfront.net/photos/pets/45528231/1/?bust=1565183540&width=100', 'medium': 'https://dl5zpyw5k3jeb.cloudfront.net/photos/pets/45528231/1/?bust=1565183540&width=300', 'large': 'https://dl5zpyw5k3jeb.cloudfront.net/photos/pets/45528231/1/?bust=1565183540&width=600', 'full': 'https://dl5zpyw5k3jeb.cloudfront.net/photos/pets/45528231/1/?bust=1565183540'}]",2019-08-07T13:12:36+0000,Large,Dog,adoptable,2019-08-07T13:12:36+0000,[],Dog,https://www.petfinder.com/dog/elise-45528231/co/windsor/big-bones-canine-rescue-co441/?referrer_id=fca03fd2-4e0a-4ce2-8e22-f033e2ea97ac
43,co441,45515689,dog,Adult,,True,True,True,False,True,Labrador Retriever,Pit Bull Terrier,False,,,,,,,Windsor,US,80550,CO,bigbonesrescue@gmail.com,(970) 310-3616,"Sweet, smiling, Sally is still looking for a home. This beautiful, 2 year old girl is every families dream! She’s...",,,True,True,Female,45515689,Sally,CO441,"[{'small': 'https://dl5zpyw5k3jeb.cloudfront.net/photos/pets/45515689/1/?bust=1565096737&width=100', 'medium': 'https://dl5zpyw5k3jeb.cloudfront.net/photos/pets/45515689/1/?bust=1565096737&width=300', 'large': 'https://dl5zpyw5k3jeb.cloudfront.net/photos/pets/45515689/1/?bust=1565096737&width=600', 'full': 'https://dl5zpyw5k3jeb.cloudfront.net/photos/pets/45515689/1/?bust=1565096737'}]",2019-08-06T13:05:55+0000,Large,Dog,adoptable,2019-08-06T13:05:55+0000,[],Dog,https://www.petfinder.com/dog/sally-45515689/co/windsor/big-bones-canine-rescue-co441/?referrer_id=fca03fd2-4e0a-4ce2-8e22-f033e2ea97ac
44,co441,45263782,dog,Adult,,True,True,True,False,True,American Bulldog,Rottweiler,False,,,,,,,Windsor,US,80550,CO,bigbonesrescue@gmail.com,(970) 310-3616,"Persia! Persia is a 3 year old, female, American Bulldog/Rottweiler mix. She’s as sweet as the day is Iong. Persia...",,,True,True,Female,45263782,Persia,CO441,"[{'small': 'https://dl5zpyw5k3jeb.cloudfront.net/photos/pets/45263782/1/?bust=1563195628&width=100', 'medium': 'https://dl5zpyw5k3jeb.cloudfront.net/photos/pets/45263782/1/?bust=1563195628&width=300', 'large': 'https://dl5zpyw5k3jeb.cloudfront.net/photos/pets/45263782/1/?bust=1563195628&width=600', 'full': 'https://dl5zpyw5k3jeb.cloudfront.net/photos/pets/45263782/1/?bust=1563195628'}]",2019-07-15T13:00:37+0000,Large,Dog,adoptable,2019-07-15T13:00:37+0000,[],Dog,https://www.petfinder.com/dog/persia-45263782/co/windsor/big-bones-canine-rescue-co441/?referrer_id=fca03fd2-4e0a-4ce2-8e22-f033e2ea97ac
45,co441,45203644,dog,Adult,,True,True,True,False,True,Anatolian Shepherd,,False,,,,,,,Windsor,US,80550,CO,bigbonesrescue@gmail.com,(970) 310-3616,"We have another rare breed that’s come available at Big Bones! This is Gampur and she’s a 2 year old,...",,,True,True,Female,45203644,Gampur,CO441,"[{'small': 'https://dl5zpyw5k3jeb.cloudfront.net/photos/pets/45203644/1/?bust=1562682259&width=100', 'medium': 'https://dl5zpyw5k3jeb.cloudfront.net/photos/pets/45203644/1/?bust=1562682259&width=300', 'large': 'https://dl5zpyw5k3jeb.cloudfront.net/photos/pets/45203644/1/?bust=1562682259&width=600', 'full': 'https://dl5zpyw5k3jeb.cloudfront.net/photos/pets/45203644/1/?bust=1562682259'}]",2019-07-09T14:24:27+0000,Extra Large,Dog,adoptable,2019-07-09T14:24:27+0000,[],Dog,https://www.petfinder.com/dog/gampur-45203644/co/windsor/big-bones-canine-rescue-co441/?referrer_id=fca03fd2-4e0a-4ce2-8e22-f033e2ea97ac
46,co441,45203640,dog,Adult,,True,True,True,False,True,Hound,,False,,,,,,,Windsor,US,80550,CO,bigbonesrescue@gmail.com,(970) 310-3616,"Sophia is a 6 year old, female, Coonhound. She’s house trained, dog friendly, and does well with kiddos! Sophia is...",,,True,True,Female,45203640,Sophia,CO441,"[{'small': 'https://dl5zpyw5k3jeb.cloudfront.net/photos/pets/45203640/1/?bust=1562682122&width=100', 'medium': 'https://dl5zpyw5k3jeb.cloudfront.net/photos/pets/45203640/1/?bust=1562682122&width=300', 'large': 'https://dl5zpyw5k3jeb.cloudfront.net/photos/pets/45203640/1/?bust=1562682122&width=600', 'full': 'https://dl5zpyw5k3jeb.cloudfront.net/photos/pets/45203640/1/?bust=1562682122'}]",2019-07-09T14:22:09+0000,Large,Dog,adoptable,2019-07-09T14:22:09+0000,[],Dog,https://www.petfinder.com/dog/sophia-45203640/co/windsor/big-bones-canine-rescue-co441/?referrer_id=fca03fd2-4e0a-4ce2-8e22-f033e2ea97ac
47,co441,44887249,dog,Young,,True,True,True,False,True,Labrador Retriever,Pit Bull Terrier,False,,,,,,,Windsor,US,80550,CO,bigbonesrescue@gmail.com,(970) 310-3616,"Starsky is a beautiful, chocolate, boy ready for his forever home! He’s a 5 month old lab/Pit mix and he’s...",,,True,True,Male,44887249,Starsky,CO441,"[{'small': 'https://dl5zpyw5k3jeb.cloudfront.net/photos/pets/44887249/1/?bust=1559759430&width=100', 'medium': 'https://dl5zpyw5k3jeb.cloudfront.net/photos/pets/44887249/1/?bust=1559759430&width=300', 'large': 'https://dl5zpyw5k3jeb.cloudfront.net/photos/pets/44887249/1/?bust=1559759430&width=600', 'full': 'https://dl5zpyw5k3jeb.cloudfront.net/photos/pets/44887249/1/?bust=1559759430'}]",2019-06-05T18:30:38+0000,Medium,Dog,adoptable,2019-06-05T18:30:38+0000,[],Dog,https://www.petfinder.com/dog/starsky-44887249/co/windsor/big-bones-canine-rescue-co441/?referrer_id=fca03fd2-4e0a-4ce2-8e22-f033e2ea97ac
48,co441,44887213,dog,Adult,,True,True,True,False,True,Pit Bull Terrier,,False,,,,,,,Windsor,US,80550,CO,bigbonesrescue@gmail.com,(970) 310-3616,"Allow me to reintroduce Nova. Nova is a 3 year old, female, pit mix. She has a smile that goes...",,,True,True,Female,44887213,Nova,CO441,"[{'small': 'https://dl5zpyw5k3jeb.cloudfront.net/photos/pets/44887213/1/?bust=1559759097&width=100', 'medium': 'https://dl5zpyw5k3jeb.cloudfront.net/photos/pets/44887213/1/?bust=1559759097&width=300', 'large': 'https://dl5zpyw5k3jeb.cloudfront.net/photos/pets/44887213/1/?bust=1559759097&width=600', 'full': 'https://dl5zpyw5k3jeb.cloudfront.net/photos/pets/44887213/1/?bust=1559759097'}]",2019-06-05T18:25:06+0000,Large,Dog,adoptable,2019-06-05T18:25:06+0000,[],Dog,https://www.petfinder.com/dog/nova-44887213/co/windsor/big-bones-canine-rescue-co441/?referrer_id=fca03fd2-4e0a-4ce2-8e22-f033e2ea97ac
49,co441,44887190,dog,Adult,,True,True,True,False,True,Boxer,,False,,,,,,,Windsor,US,80550,CO,bigbonesrescue@gmail.com,(970) 310-3616,"Apollo is a gorgeous, 2 yo, male Boxer mix. He’s a dog friendly boy and loves to play. He’s even...",,,True,True,Male,44887190,Apollo,CO441,"[{'small': 'https://dl5zpyw5k3jeb.cloudfront.net/photos/pets/44887190/1/?bust=1564771960&width=100', 'medium': 'https://dl5zpyw5k3jeb.cloudfront.net/photos/pets/44887190/1/?bust=1564771960&width=300', 'large': 'https://dl5zpyw5k3jeb.cloudfront.net/photos/pets/44887190/1/?bust=1564771960&width=600', 'full': 'https://dl5zpyw5k3jeb.cloudfront.net/photos/pets/44887190/1/?bust=1564771960'}]",2019-06-05T18:21:46+0000,Large,Dog,adoptable,2019-06-05T18:21:46+0000,[],Dog,https://www.petfinder.com/dog/apollo-44887190/co/windsor/big-bones-canine-rescue-co441/?referrer_id=fca03fd2-4e0a-4ce2-8e22-f033e2ea97ac
50,co441,44887165,dog,Young,,True,True,True,False,True,Boxer,Pit Bull Terrier,False,,,,,,,Windsor,US,80550,CO,bigbonesrescue@gmail.com,(970) 310-3616,"Yoga just can’t stop smiling! This girl, while enjoying her time in Colorado at BBCR, would really enjoy her shot...",,,True,True,Female,44887165,Yoga,CO441,"[{'small': 'https://dl5zpyw5k3jeb.cloudfront.net/photos/pets/44887165/1/?bust=1559758667&width=100', 'medium': 'https://dl5zpyw5k3jeb.cloudfront.net/photos/pets/44887165/1/?bust=1559758667&width=300', 'large': 'https://dl5zpyw5k3jeb.cloudfront.net/photos/pets/44887165/1/?bust=1559758667&width=600', 'full': 'https://dl5zpyw5k3jeb.cloudfront.net/photos/pets/44887165/1/?bust=1559758667'}]",2019-06-05T18:18:09+0000,Medium,Dog,adoptable,2019-06-05T18:18:09+0000,[],Dog,https://www.petfinder.com/dog/yoga-44887165/co/windsor/big-bones-canine-rescue-co441/?referrer_id=fca03fd2-4e0a-4ce2-8e22-f033e2ea97ac
51,co441,44813395,dog,Young,,True,True,True,False,True,Boxer,Pit Bull Terrier,False,,,,,,,Windsor,US,80550,CO,bigbonesrescue@gmail.com,(970) 310-3616,"Bogart and his big, fat, head are finally available for adoption! This handsome boxer/Pit mix is around 3 years old....",,,True,True,Male,44813395,Bogart,CO441,"[{'small': 'https://dl5zpyw5k3jeb.cloudfront.net/photos/pets/44813395/1/?bust=1559047413&width=100', 'medium': 'https://dl5zpyw5k3jeb.cloudfront.net/photos/pets/44813395/1/?bust=1559047413&width=300', 'large': 'https://dl5zpyw5k3jeb.cloudfront.net/photos/pets/44813395/1/?bust=1559047413&width=600', 'full': 'https://dl5zpyw5k3jeb.cloudfront.net/photos/pets/44813395/1/?bust=1559047413'}]",2019-05-28T12:43:41+0000,Large,Dog,adoptable,2019-05-28T12:43:41+0000,[],Dog,https://www.petfinder.com/dog/bogart-44813395/co/windsor/big-bones-canine-rescue-co441/?referrer_id=fca03fd2-4e0a-4ce2-8e22-f033e2ea97ac
52,co441,44813392,dog,Young,,True,True,True,False,True,Shepherd,,False,,,,,,,Windsor,US,80550,CO,bigbonesrescue@gmail.com,(970) 310-3616,"Penny (2 yo, spayed Female, Shepherd) and Calvin (1.5 yo, neutered male, Aussie/Saint mix) are a pair of young lovers...",,,True,True,Female,44813392,Penny and Calvin,CO441,"[{'small': 'https://dl5zpyw5k3jeb.cloudfront.net/photos/pets/44813392/1/?bust=1559047312&width=100', 'medium': 'https://dl5zpyw5k3jeb.cloudfront.net/photos/pets/44813392/1/?bust=1559047312&width=300', 'large': 'https://dl5zpyw5k3jeb.cloudfront.net/photos/pets/44813392/1/?bust=1559047312&width=600', 'full': 'https://dl5zpyw5k3jeb.cloudfront.net/photos/pets/44813392/1/?bust=1559047312'}]",2019-05-28T12:42:12+0000,Large,Dog,adoptable,2019-05-28T12:42:12+0000,[],Dog,https://www.petfinder.com/dog/penny-and-calvin-44813392/co/windsor/big-bones-canine-rescue-co441/?referrer_id=fca03fd2-4e0a-4ce2-8e22-f033e2ea97ac
53,co441,44682157,dog,Adult,,True,True,True,False,True,Husky,,False,,,,,,,Windsor,US,80550,CO,bigbonesrescue@gmail.com,(970) 310-3616,Bunny bunny! Look at this gorgeous husky mix! She’s approx 5 years old and looking for an active home to...,,,True,True,Female,44682157,Bunny,CO441,"[{'small': 'https://dl5zpyw5k3jeb.cloudfront.net/photos/pets/44682157/1/?bust=1557747233&width=100', 'medium': 'https://dl5zpyw5k3jeb.cloudfront.net/photos/pets/44682157/1/?bust=1557747233&width=300', 'large': 'https://dl5zpyw5k3jeb.cloudfront.net/photos/pets/44682157/1/?bust=1557747233&width=600', 'full': 'https://dl5zpyw5k3jeb.cloudfront.net/photos/pets/44682157/1/?bust=1557747233'}]",2019-05-13T11:34:05+0000,Large,Dog,adoptable,2019-05-13T11:34:05+0000,[],Dog,https://www.petfinder.com/dog/bunny-44682157/co/windsor/big-bones-canine-rescue-co441/?referrer_id=fca03fd2-4e0a-4ce2-8e22-f033e2ea97ac
54,co441,44625791,dog,Adult,,True,True,True,False,True,American Bulldog,,False,,,,,,,Windsor,US,80550,CO,bigbonesrescue@gmail.com,(970) 310-3616,"Miss Yoga is a 5 year old, female, American Bulldog mix. She’s has the wiggles like other bulldogs and does...",,,True,True,Female,44625791,Yoga,CO441,"[{'small': 'https://dl5zpyw5k3jeb.cloudfront.net/photos/pets/44625791/1/?bust=1557146785&width=100', 'medium': 'https://dl5zpyw5k3jeb.cloudfront.net/photos/pets/44625791/1/?bust=1557146785&width=300', 'large': 'https://dl5zpyw5k3jeb.cloudfront.net/photos/pets/44625791/1/?bust=1557146785&width=600', 'full': 'https://dl5zpyw5k3jeb.cloudfront.net/photos/pets/44625791/1/?bust=1557146785'}]",2019-05-06T12:46:37+0000,Large,Dog,adoptable,2019-05-06T12:46:37+0000,[],Dog,https://www.petfinder.com/dog/yoga-44625791/co/windsor/big-bones-canine-rescue-co441/?referrer_id=fca03fd2-4e0a-4ce2-8e22-f033e2ea97ac
55,co441,44466535,dog,Adult,,True,True,True,False,True,Shepherd,,False,,,,,,,Windsor,US,80550,CO,bigbonesrescue@gmail.com,(970) 310-3616,"Happy Baby!! This 3 year old, female, Shepherd mix has been with BBCR for 7 months now. She came in...",,,True,True,Female,44466535,Baby,CO441,"[{'small': 'https://dl5zpyw5k3jeb.cloudfront.net/photos/pets/44466535/1/?bust=1555333851&width=100', 'medium': 'https://dl5zpyw5k3jeb.cloudfront.net/photos/pets/44466535/1/?bust=1555333851&width=300', 'large': 'https://dl5zpyw5k3jeb.cloudfront.net/photos/pets/44466535/1/?bust=1555333851&width=600', 'full': 'https://dl5zpyw5k3jeb.cloudfront.net/photos/pets/44466535/1/?bust=1555333851'}]",2019-04-15T13:11:13+0000,Large,Dog,adoptable,2019-04-15T13:11:13+0000,[],Dog,https://www.petfinder.com/dog/baby-44466535/co/windsor/big-bones-canine-rescue-co441/?referrer_id=fca03fd2-4e0a-4ce2-8e22-f033e2ea97ac
56,co441,44257245,dog,Adult,,True,True,True,False,True,Basset Hound,,False,,,,,,,Windsor,US,80550,CO,bigbonesrescue@gmail.com,(970) 310-3616,"Miss Sophia! This gorgeous girl was dumped in a shelter in Texas. She was completely emaciated, had been breed over...",,,True,True,Female,44257245,Sophia,CO441,"[{'small': 'https://dl5zpyw5k3jeb.cloudfront.net/photos/pets/44257245/1/?bust=1552918166&width=100', 'medium': 'https://dl5zpyw5k3jeb.cloudfront.net/photos/pets/44257245/1/?bust=1552918166&width=300', 'large': 'https://dl5zpyw5k3jeb.cloudfront.net/photos/pets/44257245/1/?bust=1552918166&width=600', 'full': 'https://dl5zpyw5k3jeb.cloudfront.net/photos/pets/44257245/1/?bust=1552918166'}]",2019-03-18T14:09:36+0000,Large,Dog,adoptable,2019-03-18T14:09:36+0000,[],Dog,https://www.petfinder.com/dog/sophia-44257245/co/windsor/big-bones-canine-rescue-co441/?referrer_id=fca03fd2-4e0a-4ce2-8e22-f033e2ea97ac
57,co441,44257223,dog,Adult,,True,True,True,False,True,Boxer,Husky,False,,,,,,,Windsor,US,80550,CO,bigbonesrescue@gmail.com,(970) 310-3616,"Miss Kiko is still here and available for adoption! This girl is FREE ROAM capable, house trained, and does great...",,,True,True,Female,44257223,Kiko,CO441,"[{'small': 'https://dl5zpyw5k3jeb.cloudfront.net/photos/pets/44257223/1/?bust=1552917631&width=100', 'medium': 'https://dl5zpyw5k3jeb.cloudfront.net/photos/pets/44257223/1/?bust=1552917631&width=300', 'large': 'https://dl5zpyw5k3jeb.cloudfront.net/photos/pets/44257223/1/?bust=1552917631&width=600', 'full': 'https://dl5zpyw5k3jeb.cloudfront.net/photos/pets/44257223/1/?bust=1552917631'}]",2019-03-18T14:00:42+0000,Large,Dog,adoptable,2019-03-18T14:00:42+0000,[],Dog,https://www.petfinder.com/dog/kiko-44257223/co/windsor/big-bones-canine-rescue-co441/?referrer_id=fca03fd2-4e0a-4ce2-8e22-f033e2ea97ac
58,co441,43936394,dog,Young,,True,True,True,False,True,Pit Bull Terrier,,False,,,,,,,Windsor,US,80550,CO,bigbonesrescue@gmail.com,(970) 310-3616,"Nova is like a little ray of sunshine! She’s a 2 year old, female, pit mix. Nova is house trained,...",,,True,True,Female,43936394,Nova,CO441,"[{'small': 'https://dl5zpyw5k3jeb.cloudfront.net/photos/pets/43936394/1/?bust=1549294731&width=100', 'medium': 'https://dl5zpyw5k3jeb.cloudfront.net/photos/pets/43936394/1/?bust=1549294731&width=300', 'large': 'https://dl5zpyw5k3jeb.cloudfront.net/photos/pets/43936394/1/?bust=1549294731&width=600', 'full': 'https://dl5zpyw5k3jeb.cloudfront.net/photos/pets/43936394/1/?bust=1549294731'}]",2019-02-04T15:39:02+0000,Medium,Dog,adoptable,2019-02-04T15:39:02+0000,[],Dog,https://www.petfinder.com/dog/nova-43936394/co/windsor/big-bones-canine-rescue-co441/?referrer_id=fca03fd2-4e0a-4ce2-8e22-f033e2ea97ac
59,co441,43936383,dog,Adult,,True,True,True,False,True,American Bulldog,,False,,,,,,,Windsor,US,80550,CO,bigbonesrescue@gmail.com,(970) 310-3616,"Sweet Kiko is a 3 year old, female, American Bulldog. Kiko is such s gentle soul. She’s good with most...",,,True,True,Female,43936383,Kiko,CO441,"[{'small': 'https://dl5zpyw5k3jeb.cloudfront.net/photos/pets/43936383/1/?bust=1549294656&width=100', 'medium': 'https://dl5zpyw5k3jeb.cloudfront.net/photos/pets/43936383/1/?bust=1549294656&width=300', 'large': 'https://dl5zpyw5k3jeb.cloudfront.net/photos/pets/43936383/1/?bust=1549294656&width=600', 'full': 'https://dl5zpyw5k3jeb.cloudfront.net/photos/pets/43936383/1/?bust=1549294656'}]",2019-02-04T15:38:20+0000,Large,Dog,adoptable,2019-02-04T15:38:20+0000,[],Dog,https://www.petfinder.com/dog/kiko-43936383/co/windsor/big-bones-canine-rescue-co441/?referrer_id=fca03fd2-4e0a-4ce2-8e22-f033e2ea97ac
60,co441,43881140,dog,Adult,,True,True,True,False,True,Great Dane,,False,,,,,,,Windsor,US,80550,CO,bigbonesrescue@gmail.com,(970) 310-3616,"Sweet, smiling, Baby! This beautiful girl is approx 2-3 years old and is a playful Great Dane mix. She plays...",,,True,True,Female,43881140,Baby,CO441,"[{'small': 'https://dl5zpyw5k3jeb.cloudfront.net/photos/pets/43881140/1/?bust=1548688681&width=100', 'medium': 'https://dl5zpyw5k3jeb.cloudfront.net/photos/pets/43881140/1/?bust=1548688681&width=300', 'large': 'https://dl5zpyw5k3jeb.cloudfront.net/photos/pets/43881140/1/?bust=1548688681&width=600', 'full': 'https://dl5zpyw5k3jeb.cloudfront.net/photos/pets/43881140/1/?bust=1548688681'}]",2019-01-28T15:18:09+0000,Extra Large,Dog,adoptable,2019-01-28T15:18:09+0000,[],Dog,https://www.petfinder.com/dog/baby-43881140/co/windsor/big-bones-canine-rescue-co441/?referrer_id=fca03fd2-4e0a-4ce2-8e22-f033e2ea97ac
61,co441,43021842,dog,Young,,True,True,True,False,True,Great Dane,,False,,,,,,,Windsor,US,80550,CO,bigbonesrescue@gmail.com,(970) 310-3616,"Baby is a 3 year old, female, Dane mix. She’s long and lanky and ready for a home. Baby hasn’t...",,,True,True,Female,43021842,Baby,CO441,"[{'small': 'https://dl5zpyw5k3jeb.cloudfront.net/photos/pets/43021842/1/?bust=1539605989&width=100', 'medium': 'https://dl5zpyw5k3jeb.cloudfront.net/photos/pets/43021842/1/?bust=1539605989&width=300', 'large': 'https://dl5zpyw5k3jeb.cloudfront.net/photos/pets/43021842/1/?bust=1539605989&width=600', 'full': 'https://dl5zpyw5k3jeb.cloudfront.net/photos/pets/43021842/1/?bust=1539605989'}]",2018-10-15T12:20:43+0000,Extra Large,Dog,adoptable,2018-10-15T12:20:43+0000,[],Dog,https://www.petfinder.com/dog/baby-43021842/co/windsor/big-bones-canine-rescue-co441/?referrer_id=fca03fd2-4e0a-4ce2-8e22-f033e2ea97ac
62,co441,41867598,dog,Senior,,True,True,True,False,True,Mastiff,,False,,,,,,,Windsor,US,80550,CO,bigbonesrescue@gmail.com,(970) 310-3616,Perry! This happy boy is approx 5-6 years old. Perry is a Mastiff and traveled to CO after ending up...,,,True,True,Male,41867598,Perry,CO441,"[{'small': 'https://dl5zpyw5k3jeb.cloudfront.net/photos/pets/41867598/1/?bust=1528721766&width=100', 'medium': 'https://dl5zpyw5k3jeb.cloudfront.net/photos/pets/41867598/1/?bust=1528721766&width=300', 'large': 'https://dl5zpyw5k3jeb.cloudfront.net/photos/pets/41867598/1/?bust=1528721766&width=600', 'full': 'https://dl5zpyw5k3jeb.cloudfront.net/photos/pets/41867598/1/?bust=1528721766'}]",2018-06-11T12:56:23+0000,Extra Large,Dog,adoptable,2018-06-11T12:56:23+0000,[],Dog,https://www.petfinder.com/dog/perry-41867598/co/windsor/big-bones-canine-rescue-co441/?referrer_id=fca03fd2-4e0a-4ce2-8e22-f033e2ea97ac
63,co441,33426318,dog,Adult,,False,True,True,False,False,Alaskan Malamute,,False,,Black,White / Cream,,,,Windsor,US,80550,CO,bigbonesrescue@gmail.com,(970) 310-3616,Tippie - 2-3 year old female malamute mix. Tippie came to us after she and her family were caught living...,,,,,Female,33426318,Tippie,CO441,"[{'small': 'https://dl5zpyw5k3jeb.cloudfront.net/photos/pets/33426318/1/?bust=1443799168&width=100', 'medium': 'https://dl5zpyw5k3jeb.cloudfront.net/photos/pets/33426318/1/?bust=1443799168&width=300', 'large': 'https://dl5zpyw5k3jeb.cloudfront.net/photos/pets/33426318/1/?bust=1443799168&width=600', 'full': 'https://dl5zpyw5k3jeb.cloudfront.net/photos/pets/33426318/1/?bust=1443799168'}]",2015-10-02T15:19:28+0000,Large,Dog,adoptable,2015-10-02T15:19:28+0000,[],Dog,https://www.petfinder.com/dog/tippie-33426318/co/windsor/big-bones-canine-rescue-co441/?referrer_id=fca03fd2-4e0a-4ce2-8e22-f033e2ea97ac
64,co441,33426304,dog,Adult,,False,True,True,False,False,Alaskan Malamute,,False,Long,Black,White / Cream,,,,Windsor,US,80550,CO,bigbonesrescue@gmail.com,(970) 310-3616,Loba - Malamute mix - female. Senior girl. Loba came to us with her family after being caught living under...,,,,,Female,33426304,Loba,CO441,"[{'small': 'https://dl5zpyw5k3jeb.cloudfront.net/photos/pets/33426304/1/?bust=1443799099&width=100', 'medium': 'https://dl5zpyw5k3jeb.cloudfront.net/photos/pets/33426304/1/?bust=1443799099&width=300', 'large': 'https://dl5zpyw5k3jeb.cloudfront.net/photos/pets/33426304/1/?bust=1443799099&width=600', 'full': 'https://dl5zpyw5k3jeb.cloudfront.net/photos/pets/33426304/1/?bust=1443799099'}]",2015-10-02T15:18:19+0000,Large,Dog,adoptable,2015-10-02T15:18:19+0000,[],Dog,https://www.petfinder.com/dog/loba-33426304/co/windsor/big-bones-canine-rescue-co441/?referrer_id=fca03fd2-4e0a-4ce2-8e22-f033e2ea97ac
